Seller;Sku;ss;warehouse
E599;1340831;0;0001
E599;1308672;0;0001
E599;1294154;0;0001
E599;1294169;0;0001
E599;1307862;0;0001
E599;1315512;0;0001
E599;1315917;0;0001
E599;1334706;0;0001
E599;1305099;0;0001
E599;1305613;0;0001
E599;1316070;0;0001
E599;1330453;0;0001
E599;1330476;0;0001
E599;1330480;0;0001
E599;1330497;0;0001
E599;1303942;0;0001
E599;1305534;0;0001
E599;1304667;0;0001
E599;1294141;0;0001
E599;1304895;0;0001
E599;1252874;0;0001
E599;9011348;0;0001
E599;9011347;0;0001
E599;1126444;0;0001
E599;1317637;0;0001
E599;1333856;0;0001
E599;1182001;0;0001
E599;1305544;0;0001
E599;1305521;0;0001
E599;1320356;0;0001
E599;1320357;0;0001
E599;1334445;0;0001
E599;1334446;0;0001
E599;878382;0;0001
E599;1336721;0;0001
E599;1336725;0;0001
E599;1336728;0;0001
E599;1336730;0;0001
E599;1336735;0;0001
E599;1336736;0;0001
