sellers;sku_sap;stock_seguridad
E525;152015;10000
E525;152177;10000
E525;237207;10000
E525;764827;10000
E525;811172;10000
E525;821517;10000
E525;825630;10000
E525;871133;10000
E525;869029;10000
E525;871114;10000
E525;871115;10000
E525;887094;10000
E525;887638;10000
E525;888021;10000
E525;888022;10000
E525;892035;10000
E525;892756;10000
E525;895075;10000
E525;900747;10000
E525;910518;10000
E525;931903;10000
E525;938637;10000
E525;938631;10000
E525;941232;10000
E525;1017727;10000
E525;1031170;10000
E525;1031171;10000
E525;1037602;10000
E525;1044815;10000
E525;1046527;10000
E525;1064334;10000
E525;1069408;10000
E525;1069416;10000
E525;1080194;10000
E525;1082274;10000
E525;1085602;10000
E525;1097456;10000
E525;1100197;10000
E525;1099810;10000
E525;1099811;10000
E525;1101306;10000
E525;1101490;10000
E525;1102945;10000
E525;1106176;10000
E525;1110906;10000
E525;1118038;10000
E525;1119913;10000
E525;1122662;10000
E525;1122678;10000
E525;1122680;10000
E525;1126202;10000
E525;1127774;10000
E525;1128745;10000
E525;1128714;10000
E525;1128715;10000
E525;1128716;10000
E525;1130512;10000
E525;1136919;10000
E525;1141840;10000
E525;1146297;10000
E525;1149190;10000
E525;1149767;10000
E525;1149770;10000
E525;1155414;10000
E525;1157432;10000
E525;1159171;10000
E525;1159277;10000
E525;1159280;10000
E525;1159283;10000
E525;1159286;10000
E525;1159287;10000
E525;1159288;10000
E525;1159289;10000
E525;1161908;10000
E525;1165393;10000
E525;1167317;10000
E525;1171787;10000
E525;1171788;10000
E525;1171786;10000
E525;1172365;10000
E525;1172366;10000
E525;1173811;10000
E525;1173812;10000
E525;1173814;10000
E525;1173514;10000
E525;1173516;10000
E525;1174383;10000
E525;1174385;10000
E525;1174387;10000
E525;1180506;10000
E525;1181829;10000
E525;1181691;10000
E525;1186669;10000
E525;1190684;10000
E525;1193113;10000
E525;1193114;10000
E525;1193115;10000
E525;1193116;10000
E525;1193995;10000
E525;1197860;10000
E525;1207174;10000
E525;1207649;10000
E525;1207785;10000
E525;1208385;10000
E525;1208354;10000
E525;1211035;10000
E525;1217163;10000
E525;1220454;10000
E525;1226222;10000
E525;1226997;10000
E525;1232461;10000
E525;1243836;10000
E525;1247274;10000
E525;1249488;10000
E525;1249489;10000
E525;1250000;10000
E525;1251362;10000
E525;1259609;10000
E525;1259611;10000
E525;1266017;10000
E525;1267261;10000
E525;1269037;10000
E525;1277087;10000
E525;1279365;10000
E525;1279384;10000
E525;1279178;10000
E525;1279776;10000
E525;1280897;10000
E525;1280898;10000
E525;1280903;10000
E525;1282298;10000
E525;1282319;10000
E525;1282592;10000
E525;1284012;10000
E525;1284642;10000
E525;1284871;10000
E525;1284863;10000
E525;1284866;10000
E525;1284867;10000
E525;1284868;10000
E525;1285857;10000
E525;1286818;10000
E525;1290825;10000
E525;1290826;10000
E525;1290827;10000
E525;1290829;10000
E525;1291943;10000
E525;1292780;10000
E525;1293114;10000
E525;1293979;10000
E525;1293980;10000
E525;1293477;10000
E525;1294424;10000
E525;1294804;10000
E525;1296958;10000
E525;1296960;10000
E525;1297261;10000
E525;1299320;10000
E525;1299321;10000
E525;1300106;10000
E525;1301692;10000
E525;1302926;10000
E525;1303331;10000
E525;1304494;10000
E525;1306429;10000
E525;1308047;10000
E525;1309428;10000
E525;1309608;10000
E525;1313246;10000
E525;1313247;10000
E525;1313250;10000
E525;1313251;10000
E525;1313688;10000
E525;1314245;10000
E525;1314246;10000
E525;1314605;10000
E525;1314613;10000
E525;1314618;10000
E525;1314620;10000
E525;1314621;10000
E525;1314629;10000
E525;1315026;10000
E525;1332027;10000
E525;1332028;10000
E525;1332595;10000
E525;1333386;10000
E525;1336351;10000
E525;1335661;10000
E525;1335662;10000
E525;1335814;10000
E525;1339165;10000
E525;1339611;10000
E525;1341502;10000
E525;1341503;10000
E525;1341504;10000
E525;1341505;10000
E525;1341506;10000
E525;1341507;10000
E525;1341508;10000
E525;1341509;10000
E525;1341558;10000
E525;1343565;10000
E525;1343566;10000
E525;1343567;10000
E525;1343570;10000
E525;1345077;10000
E525;1345078;10000
E525;1345080;10000
E525;1345082;10000
E525;1345083;10000
E525;1345086;10000
E525;1345087;10000
E525;1345294;10000
E525;1346048;10000
E525;1346049;10000
E525;1346328;10000
E525;1347061;10000
E525;1347063;10000
E525;1347064;10000
E525;1347071;10000
E525;1347072;10000
E525;1347055;10000
E525;1347056;10000
E525;1347058;10000
E525;1347059;10000
E525;1347362;10000
E525;1347363;10000
E525;1348092;10000
E525;1348098;10000
E525;1351456;10000
E525;1351697;10000
E525;1352015;10000
E525;2227776;10000
E525;1273803;10000
E525;1277454;10000
E525;1277457;10000
E525;1277459;10000
E525;1310635;10000
E525;1311875;10000
E525;1311876;10000
E525;1323156;10000
E525;1323159;10000
E525;151983;10000
E525;152010;10000
E525;152011;10000
E525;152193;10000
E525;152197;10000
E525;152839;10000
E525;152841;10000
E525;235574;10000
E525;509542;10000
E525;604509;10000
E525;615513;10000
E525;615514;10000
E525;615517;10000
E525;615518;10000
E525;615519;10000
E525;615520;10000
E525;615521;10000
E525;620011;10000
E525;750220;10000
E525;750213;10000
E525;835604;10000
E525;835589;10000
E525;888324;10000
E525;899626;10000
E525;919982;10000
E525;1033400;10000
E525;1048856;10000
E525;1054582;10000
E525;1076126;10000
E525;1076127;10000
E525;1081380;10000
E525;1084050;10000
E525;1084051;10000
E525;1084053;10000
E525;1093424;10000
E525;1094234;10000
E525;1099814;10000
E525;1100184;10000
E525;1099709;10000
E525;1101492;10000
E525;1102951;10000
E525;1122655;10000
E525;1126416;10000
E525;1128739;10000
E525;1128740;10000
E525;1136917;10000
E525;1136918;10000
E525;1144665;10000
E525;1157778;10000
E525;1172367;10000
E525;1173142;10000
E525;1190871;10000
E525;1193059;10000
E525;1193110;10000
E525;1193111;10000
E525;1193551;10000
E525;1197190;10000
E525;1203903;10000
E525;1207650;10000
E525;1207177;10000
E525;1207647;10000
E525;1207648;10000
E525;1208244;10000
E525;1220453;10000
E525;1233205;10000
E525;1253915;10000
E525;1259610;10000
E525;1280901;10000
E525;1283219;10000
E525;1283220;10000
E525;1284432;10000
E525;1285929;10000
E525;1290828;10000
E525;1293961;10000
E525;1294190;10000
E525;1295143;10000
E525;1298616;10000
E525;1298617;10000
E525;1298618;10000
E525;1299319;10000
E525;1301689;10000
E525;1301690;10000
E525;1301691;10000
E525;1302136;10000
E525;1302703;10000
E525;1303205;10000
E525;1302927;10000
E525;1302928;10000
E525;1302929;10000
E525;1304370;10000
E525;1304884;10000
E525;1304885;10000
E525;1310284;10000
E525;1310287;10000
E525;1313737;10000
E525;1313687;10000
E525;1314600;10000
E525;1314603;10000
E525;1314619;10000
E525;1314807;10000
E525;1315344;10000
E525;1315345;10000
E525;1320951;10000
E525;1328250;10000
E525;1328251;10000
E525;1327996;10000
E525;1328396;10000
E525;1328395;10000
E525;1328513;10000
E525;1330009;10000
E525;1330010;10000
E525;1332029;10000
E525;1333323;10000
E525;1335512;10000
E525;1335815;10000
E525;1339004;10000
E525;1340812;10000
E525;1340813;10000
E525;1343569;10000
E525;1343571;10000
E525;1345656;10000
E525;1345657;10000
E525;1345658;10000
E525;1346325;10000
E525;1346326;10000
E525;1346327;10000
E525;1346504;10000
E525;1348097;10000
E525;1351190;10000
E525;1354165;10000
E525;1354166;10000
E525;1118969;10000
E525;1137848;10000
E525;1174765;10000
E525;1269615;10000
E525;1277689;10000
E525;1277615;10000
E525;1277616;10000
E525;1300057;10000
E525;1300059;10000
E525;1311877;10000
E525;1311879;10000
E525;1323157;10000
E525;105852;10000
E525;105854;10000
E525;151045;10000
E525;151046;10000
E525;151047;10000
E525;151048;10000
E525;151052;10000
E525;151432;10000
E525;151454;10000
E525;151455;10000
E525;151177;10000
E525;151178;10000
E525;151179;10000
E525;151180;10000
E525;151191;10000
E525;151192;10000
E525;151054;10000
E525;151056;10000
E525;151058;10000
E525;151059;10000
E525;151060;10000
E525;151061;10000
E525;151062;10000
E525;151063;10000
E525;151064;10000
E525;151065;10000
E525;151066;10000
E525;151067;10000
E525;151068;10000
E525;151069;10000
E525;151070;10000
E525;151071;10000
E525;151072;10000
E525;151608;10000
E525;151654;10000
E525;151378;10000
E525;151397;10000
E525;151400;10000
E525;151106;10000
E525;151108;10000
E525;151114;10000
E525;151115;10000
E525;151116;10000
E525;151513;10000
E525;151514;10000
E525;151517;10000
E525;151460;10000
E525;151465;10000
E525;151467;10000
E525;151469;10000
E525;151472;10000
E525;151473;10000
E525;151478;10000
E525;151479;10000
E525;151481;10000
E525;151482;10000
E525;151483;10000
E525;151486;10000
E525;151119;10000
E525;151167;10000
E525;151168;10000
E525;151176;10000
E525;151568;10000
E525;151579;10000
E525;151584;10000
E525;151585;10000
E525;151587;10000
E525;151588;10000
E525;151589;10000
E525;151590;10000
E525;151596;10000
E525;151597;10000
E525;151603;10000
E525;151604;10000
E525;151606;10000
E525;151607;10000
E525;151827;10000
E525;151831;10000
E525;151832;10000
E525;151834;10000
E525;151787;10000
E525;151788;10000
E525;151790;10000
E525;151791;10000
E525;151803;10000
E525;151806;10000
E525;151812;10000
E525;151816;10000
E525;151823;10000
E525;151946;10000
E525;151947;10000
E525;152911;10000
E525;152378;10000
E525;152379;10000
E525;152380;10000
E525;152381;10000
E525;152383;10000
E525;152386;10000
E525;152388;10000
E525;152389;10000
E525;152390;10000
E525;152391;10000
E525;152418;10000
E525;152421;10000
E525;152422;10000
E525;195231;10000
E525;194835;10000
E525;194836;10000
E525;194837;10000
E525;194838;10000
E525;194839;10000
E525;194840;10000
E525;194841;10000
E525;194842;10000
E525;194843;10000
E525;194844;10000
E525;194845;10000
E525;216578;10000
E525;216579;10000
E525;231820;10000
E525;245069;10000
E525;245070;10000
E525;245071;10000
E525;244645;10000
E525;361083;10000
E525;376705;10000
E525;376706;10000
E525;376707;10000
E525;376709;10000
E525;376710;10000
E525;385088;10000
E525;385092;10000
E525;426519;10000
E525;441163;10000
E525;441164;10000
E525;449518;10000
E525;449519;10000
E525;449520;10000
E525;464545;10000
E525;509544;10000
E525;509550;10000
E525;509551;10000
E525;509558;10000
E525;509559;10000
E525;509560;10000
E525;534681;10000
E525;534682;10000
E525;534684;10000
E525;534903;10000
E525;536947;10000
E525;540537;10000
E525;581084;10000
E525;590641;10000
E525;590644;10000
E525;590720;10000
E525;590775;10000
E525;590776;10000
E525;590777;10000
E525;590781;10000
E525;590748;10000
E525;590750;10000
E525;590751;10000
E525;590752;10000
E525;590754;10000
E525;590755;10000
E525;590865;10000
E525;590689;10000
E525;590690;10000
E525;590691;10000
E525;590695;10000
E525;590696;10000
E525;590697;10000
E525;590698;10000
E525;590725;10000
E525;590726;10000
E525;590727;10000
E525;590728;10000
E525;590729;10000
E525;590730;10000
E525;590731;10000
E525;590732;10000
E525;590733;10000
E525;590738;10000
E525;590740;10000
E525;590741;10000
E525;590743;10000
E525;590744;10000
E525;590745;10000
E525;590746;10000
E525;590747;10000
E525;592605;10000
E525;592606;10000
E525;592607;10000
E525;592608;10000
E525;600582;10000
E525;621988;10000
E525;641220;10000
E525;643144;10000
E525;649169;10000
E525;649170;10000
E525;649171;10000
E525;684535;10000
E525;692565;10000
E525;823833;10000
E525;823834;10000
E525;823835;10000
E525;823836;10000
E525;823840;10000
E525;823841;10000
E525;823844;10000
E525;823845;10000
E525;823846;10000
E525;823847;10000
E525;825632;10000
E525;825833;10000
E525;825834;10000
E525;825837;10000
E525;825838;10000
E525;826491;10000
E525;826492;10000
E525;826493;10000
E525;826494;10000
E525;831029;10000
E525;831032;10000
E525;831035;10000
E525;831036;10000
E525;831037;10000
E525;831038;10000
E525;835601;10000
E525;835602;10000
E525;835603;10000
E525;835605;10000
E525;835611;10000
E525;864110;10000
E525;864111;10000
E525;864118;10000
E525;864119;10000
E525;864133;10000
E525;864105;10000
E525;864106;10000
E525;864107;10000
E525;864136;10000
E525;864139;10000
E525;864143;10000
E525;864153;10000
E525;864159;10000
E525;864160;10000
E525;864161;10000
E525;864162;10000
E525;864163;10000
E525;864167;10000
E525;864168;10000
E525;864170;10000
E525;864171;10000
E525;864172;10000
E525;864173;10000
E525;864178;10000
E525;871118;10000
E525;871120;10000
E525;871125;10000
E525;871126;10000
E525;871127;10000
E525;878008;10000
E525;878009;10000
E525;878015;10000
E525;878016;10000
E525;878017;10000
E525;878018;10000
E525;878019;10000
E525;878020;10000
E525;878021;10000
E525;878022;10000
E525;878023;10000
E525;897533;10000
E525;898799;10000
E525;903574;10000
E525;903575;10000
E525;903577;10000
E525;903578;10000
E525;903579;10000
E525;918483;10000
E525;918484;10000
E525;918485;10000
E525;918486;10000
E525;926194;10000
E525;926434;10000
E525;926435;10000
E525;926437;10000
E525;926438;10000
E525;926439;10000
E525;932805;10000
E525;934492;10000
E525;939208;10000
E525;939209;10000
E525;941543;10000
E525;941548;10000
E525;941555;10000
E525;1023075;10000
E525;1039689;10000
E525;1044309;10000
E525;1044329;10000
E525;1044331;10000
E525;1047721;10000
E525;1047722;10000
E525;1047723;10000
E525;1047724;10000
E525;1047725;10000
E525;1047726;10000
E525;1047727;10000
E525;1047728;10000
E525;1047729;10000
E525;1048736;10000
E525;1048737;10000
E525;1048738;10000
E525;1048739;10000
E525;1048740;10000
E525;1048742;10000
E525;1048743;10000
E525;1048744;10000
E525;1048745;10000
E525;1048746;10000
E525;1048747;10000
E525;1048748;10000
E525;1048749;10000
E525;1048750;10000
E525;1048751;10000
E525;1048752;10000
E525;1048753;10000
E525;1048754;10000
E525;1048755;10000
E525;1048756;10000
E525;1048760;10000
E525;1047742;10000
E525;1047743;10000
E525;1047744;10000
E525;1047746;10000
E525;1047748;10000
E525;1047750;10000
E525;1047755;10000
E525;1047756;10000
E525;1047757;10000
E525;1047758;10000
E525;1047759;10000
E525;1047760;10000
E525;1047761;10000
E525;1047764;10000
E525;1048656;10000
E525;1048659;10000
E525;1048660;10000
E525;1048668;10000
E525;1048669;10000
E525;1048670;10000
E525;1048671;10000
E525;1048672;10000
E525;1048673;10000
E525;1048674;10000
E525;1048675;10000
E525;1048676;10000
E525;1048677;10000
E525;1049067;10000
E525;1049069;10000
E525;1049071;10000
E525;1049077;10000
E525;1049078;10000
E525;1049079;10000
E525;1049080;10000
E525;1049081;10000
E525;1049082;10000
E525;1049083;10000
E525;1049084;10000
E525;1049085;10000
E525;1049086;10000
E525;1049087;10000
E525;1049088;10000
E525;1048634;10000
E525;1048635;10000
E525;1048636;10000
E525;1048637;10000
E525;1048638;10000
E525;1048640;10000
E525;1048641;10000
E525;1048643;10000
E525;1048645;10000
E525;1048646;10000
E525;1048647;10000
E525;1048648;10000
E525;1048649;10000
E525;1048650;10000
E525;1048651;10000
E525;1048652;10000
E525;1048653;10000
E525;1048722;10000
E525;1048723;10000
E525;1048724;10000
E525;1048725;10000
E525;1048726;10000
E525;1048727;10000
E525;1048728;10000
E525;1048729;10000
E525;1048730;10000
E525;1048731;10000
E525;1048732;10000
E525;1048733;10000
E525;1048734;10000
E525;1048682;10000
E525;1048683;10000
E525;1048684;10000
E525;1048688;10000
E525;1048689;10000
E525;1048695;10000
E525;1048696;10000
E525;1048697;10000
E525;1048698;10000
E525;1048699;10000
E525;1048761;10000
E525;1048762;10000
E525;1048771;10000
E525;1048775;10000
E525;1048782;10000
E525;1048783;10000
E525;1048784;10000
E525;1048786;10000
E525;1049608;10000
E525;1049614;10000
E525;1049615;10000
E525;1049616;10000
E525;1049617;10000
E525;1049815;10000
E525;1049816;10000
E525;1049817;10000
E525;1049831;10000
E525;1049836;10000
E525;1049838;10000
E525;1049839;10000
E525;1049840;10000
E525;1048790;10000
E525;1048792;10000
E525;1048794;10000
E525;1048795;10000
E525;1048796;10000
E525;1048797;10000
E525;1048798;10000
E525;1048799;10000
E525;1049058;10000
E525;1049062;10000
E525;1049065;10000
E525;1049212;10000
E525;1049213;10000
E525;1049603;10000
E525;1049604;10000
E525;1049935;10000
E525;1049936;10000
E525;1049938;10000
E525;1049940;10000
E525;1049214;10000
E525;1049216;10000
E525;1049217;10000
E525;1049218;10000
E525;1049219;10000
E525;1049220;10000
E525;1049221;10000
E525;1049222;10000
E525;1049223;10000
E525;1049800;10000
E525;1049801;10000
E525;1049802;10000
E525;1049803;10000
E525;1049807;10000
E525;1049814;10000
E525;1049972;10000
E525;1049973;10000
E525;1049979;10000
E525;1049841;10000
E525;1049845;10000
E525;1049855;10000
E525;1049856;10000
E525;1049857;10000
E525;1049858;10000
E525;1049859;10000
E525;1049862;10000
E525;1049949;10000
E525;1049955;10000
E525;1049958;10000
E525;1049962;10000
E525;1049963;10000
E525;1049966;10000
E525;1049969;10000
E525;1049970;10000
E525;1049971;10000
E525;1049887;10000
E525;1049889;10000
E525;1049890;10000
E525;1049893;10000
E525;1050112;10000
E525;1055265;10000
E525;1055273;10000
E525;1056299;10000
E525;1057700;10000
E525;1057701;10000
E525;1057702;10000
E525;1057703;10000
E525;1057704;10000
E525;1059616;10000
E525;1059614;10000
E525;1061174;10000
E525;1061175;10000
E525;1069464;10000
E525;1069465;10000
E525;1069466;10000
E525;1069468;10000
E525;1069469;10000
E525;1069470;10000
E525;1069471;10000
E525;1069472;10000
E525;1069473;10000
E525;1069474;10000
E525;1074839;10000
E525;1074834;10000
E525;1074835;10000
E525;1074836;10000
E525;1079529;10000
E525;1100189;10000
E525;1100181;10000
E525;1100182;10000
E525;1100183;10000
E525;1106408;10000
E525;1106409;10000
E525;1106410;10000
E525;1106415;10000
E525;1106416;10000
E525;1106417;10000
E525;1106418;10000
E525;1106419;10000
E525;1106420;10000
E525;1106421;10000
E525;1106422;10000
E525;1106423;10000
E525;1106424;10000
E525;1106425;10000
E525;1108458;10000
E525;1109962;10000
E525;1109963;10000
E525;1119911;10000
E525;1122657;10000
E525;1126207;10000
E525;1127115;10000
E525;1132702;10000
E525;1132703;10000
E525;1132704;10000
E525;1132705;10000
E525;1132706;10000
E525;1132707;10000
E525;1132708;10000
E525;1132709;10000
E525;1134450;10000
E525;1136221;10000
E525;1142485;10000
E525;1145024;10000
E525;1145025;10000
E525;1145039;10000
E525;1146970;10000
E525;1148260;10000
E525;1148267;10000
E525;1155306;10000
E525;1155307;10000
E525;1155308;10000
E525;1155309;10000
E525;1155310;10000
E525;1155311;10000
E525;1155312;10000
E525;1155314;10000
E525;1155315;10000
E525;1155316;10000
E525;1160510;10000
E525;1162699;10000
E525;1164226;10000
E525;1164227;10000
E525;1164228;10000
E525;1164229;10000
E525;1164232;10000
E525;1164234;10000
E525;1164304;10000
E525;1172360;10000
E525;1172361;10000
E525;1172362;10000
E525;1172363;10000
E525;1172352;10000
E525;1172354;10000
E525;1172355;10000
E525;1172356;10000
E525;1172358;10000
E525;1172359;10000
E525;1176171;10000
E525;1176173;10000
E525;1178020;10000
E525;1178021;10000
E525;1178023;10000
E525;1178024;10000
E525;1178025;10000
E525;1178026;10000
E525;1178027;10000
E525;1178028;10000
E525;1178029;10000
E525;1178030;10000
E525;1178033;10000
E525;1178035;10000
E525;1178036;10000
E525;1178037;10000
E525;1178407;10000
E525;1178408;10000
E525;1182410;10000
E525;1182962;10000
E525;1182963;10000
E525;1190862;10000
E525;1198194;10000
E525;1198195;10000
E525;1204397;10000
E525;1205122;10000
E525;1205123;10000
E525;1206381;10000
E525;1206382;10000
E525;1207666;10000
E525;1207667;10000
E525;1207668;10000
E525;1207669;10000
E525;1207670;10000
E525;1207671;10000
E525;1207673;10000
E525;1210080;10000
E525;1210081;10000
E525;1210082;10000
E525;1210083;10000
E525;1210084;10000
E525;1210085;10000
E525;1210086;10000
E525;1210087;10000
E525;1210088;10000
E525;1210089;10000
E525;1210090;10000
E525;1210091;10000
E525;1210092;10000
E525;1210095;10000
E525;1210096;10000
E525;1210097;10000
E525;1210098;10000
E525;1212563;10000
E525;1212564;10000
E525;1216775;10000
E525;1217819;10000
E525;1217820;10000
E525;1226223;10000
E525;1226224;10000
E525;1232847;10000
E525;1234926;10000
E525;1243833;10000
E525;1243834;10000
E525;1249492;10000
E525;1253952;10000
E525;1254214;10000
E525;1254215;10000
E525;1260279;10000
E525;1260281;10000
E525;1264926;10000
E525;1268285;10000
E525;1280902;10000
E525;1281708;10000
E525;1282504;10000
E525;1282505;10000
E525;1282506;10000
E525;1284787;10000
E525;1285011;10000
E525;1285012;10000
E525;1285013;10000
E525;1285014;10000
E525;1291023;10000
E525;1291944;10000
E525;1293870;10000
E525;1293685;10000
E525;1294404;10000
E525;1295031;10000
E525;1298725;10000
E525;1298726;10000
E525;1298727;10000
E525;1299345;10000
E525;1302704;10000
E525;1302705;10000
E525;1302706;10000
E525;1303145;10000
E525;1303146;10000
E525;1304438;10000
E525;1304439;10000
E525;1304440;10000
E525;1304441;10000
E525;1304442;10000
E525;1304443;10000
E525;1304444;10000
E525;1304445;10000
E525;1306133;10000
E525;1308075;10000
E525;1310634;10000
E525;1311942;10000
E525;1311943;10000
E525;1313248;10000
E525;1313249;10000
E525;1313744;10000
E525;1314285;10000
E525;1314608;10000
E525;1314610;10000
E525;1319950;10000
E525;1319525;10000
E525;1319530;10000
E525;1324037;10000
E525;1325303;10000
E525;1325304;10000
E525;1325305;10000
E525;1325302;10000
E525;1327721;10000
E525;1328414;10000
E525;1328415;10000
E525;1328359;10000
E525;1328341;10000
E525;1328358;10000
E525;1330618;10000
E525;1330838;10000
E525;1330839;10000
E525;1330840;10000
E525;1333084;10000
E525;1333324;10000
E525;1333083;10000
E525;1341511;10000
E525;1341512;10000
E525;1341513;10000
E525;1341514;10000
E525;1345075;10000
E525;1345076;10000
E525;1345434;10000
E525;1345435;10000
E525;1345436;10000
E525;1345437;10000
E525;1346505;10000
E525;1346506;10000
E525;1346685;10000
E525;1346686;10000
E525;1346687;10000
E525;1346688;10000
E525;1346689;10000
E525;1346690;10000
E525;1346691;10000
E525;1346692;10000
E525;1346693;10000
E525;1346694;10000
E525;1347068;10000
E525;1347069;10000
E525;1347070;10000
E525;1347364;10000
E525;1347365;10000
E525;1347366;10000
E525;1347367;10000
E525;1348093;10000
E525;1348094;10000
E525;1348095;10000
E525;1348923;10000
E525;1351187;10000
E525;1351188;10000
E525;1354167;10000
E525;1354168;10000
E525;1739026;10000
E525;2194034;10000
E525;1688717;10000
E525;1688732;10000
E525;1688748;10000
E525;1688755;10000
E525;1689775;10000
E525;1689776;10000
E525;1415109;10000
E525;2201062;10000
E525;2262471;10000
E525;1983412;10000
E525;1277632;10000
E525;1277683;10000
E525;1277684;10000
E525;1320506;10000
E525;459792;10000
E525;459793;10000
E525;459794;10000
E525;670724;10000
E525;670725;10000
E525;670726;10000
E525;670727;10000
E525;670728;10000
E525;670729;10000
E525;670730;10000
E525;670731;10000
E525;704088;10000
E525;750202;10000
E525;750203;10000
E525;780063;10000
E525;803774;10000
E525;803775;10000
E525;803773;10000
E525;807601;10000
E525;807602;10000
E525;819301;10000
E525;819302;10000
E525;819303;10000
E525;879095;10000
E525;888323;10000
E525;1039974;10000
E525;1093072;10000
E525;1093073;10000
E525;1093074;10000
E525;1093075;10000
E525;1093076;10000
E525;1093077;10000
E525;1187954;10000
E525;1187955;10000
E525;1187956;10000
E525;1187957;10000
E525;1204242;10000
E525;1230895;10000
E525;1230896;10000
E525;1265298;10000
E525;1344775;10000
E525;1344776;10000
E525;1277657;10000
E525;1277609;10000
E525;9008467;10000
E525;9008468;10000
E525;9008469;10000
E525;1090541;10000
E525;1274530;10000
E525;9013001;10000
E525;547018;10000
E525;547019;10000
E525;547023;10000
E525;547024;10000
E525;463402;10000
E525;1062813;10000
E525;1081800;10000
E525;1081817;10000
E525;1197455;10000
E525;1197456;10000
E525;1197457;10000
E525;1197458;10000
E525;1218292;10000
E525;1220455;10000
E525;1237648;10000
E525;1237649;10000
E525;1237650;10000
E525;1237651;10000
E525;1243819;10000
E525;1244838;10000
E525;1328085;10000
E525;1328086;10000
E525;1328087;10000
E525;1328088;10000
E525;1328089;10000
E525;1328090;10000
E525;1328091;10000
E525;1328092;10000
E525;1328093;10000
E525;1328094;10000
E525;1328073;10000
E525;1328074;10000
E525;1328075;10000
E525;1328076;10000
E525;1328077;10000
E525;1328078;10000
E525;1328079;10000
E525;1328080;10000
E525;1328081;10000
E525;1328082;10000
E525;1328083;10000
E525;1328084;10000
E525;1335908;10000
E525;1009350;10000
E525;1016324;10000
E525;1024708;10000
E525;1043943;10000
E525;1043944;10000
E525;1043949;10000
E525;1043950;10000
E525;1043952;10000
E525;1116450;10000
E525;1274524;10000
E525;1274526;10000
E525;1274527;10000
E525;1274528;10000
E525;1274529;10000
E525;1277654;10000
E525;1277655;10000
E525;1277690;10000
E525;1277612;10000
E525;1300058;10000
E525;1300064;10000
E525;1300065;10000
E525;1300066;10000
E525;1300067;10000
E525;9005859;10000
E525;9009530;10000
E525;9009531;10000
E525;9009684;10000
E525;9009685;10000
E525;9012965;10000
E525;195693;10000
E525;383494;10000
E525;1049820;10000
E525;1202216;10000
E525;1202217;10000
E525;1202218;10000
E525;1211044;10000
E525;1216662;10000
E525;1270472;10000
E525;1284120;10000
E525;1284124;10000
E525;1284125;10000
E525;1287237;10000
E525;1343772;10000
E525;9001438;10000
E525;9001440;10000
E525;9009609;10000
E525;9009312;10000
E525;9009553;10000
E525;9009555;10000
E525;9009556;10000
E525;9009557;10000
E525;9009563;10000
E525;9009568;10000
E525;9009569;10000
E525;9009570;10000
E525;835051;10000
E525;120369;10000
E525;119819;10000
E525;195186;10000
E525;642462;10000
E525;642463;10000
E525;827229;10000
E525;835550;10000
E525;835555;10000
E525;835556;10000
E525;835562;10000
E525;835563;10000
E525;835545;10000
E525;864682;10000
E525;864683;10000
E525;864678;10000
E525;864679;10000
E525;1043637;10000
E525;1055175;10000
E525;1069362;10000
E525;1140937;10000
E525;1188309;10000
E525;1188312;10000
E525;1188313;10000
E525;1188314;10000
E525;1344746;10000
E525;1344747;10000
E525;1300072;10000
E525;1300073;10000
E525;9008461;10000
E525;9008463;10000
E525;9008464;10000
E525;9008465;10000
E525;9011136;10000
E525;9011137;10000
E525;9011138;10000
E525;9012820;10000
E525;1344782;10000
E525;1344783;10000
E525;1344784;10000
E525;1344785;10000
E525;119610;10000
E525;120150;10000
E525;120151;10000
E525;120154;10000
E525;195733;10000
E525;204625;10000
E525;817232;10000
E525;817234;10000
E525;941007;10000
E525;1104989;10000
E525;1201184;10000
E525;1216029;10000
E525;1287235;10000
E525;1309304;10000
E525;1327621;10000
E525;1343769;10000
E525;1343770;10000
E525;1343771;10000
E525;1344777;10000
E525;1344744;10000
E525;1344745;10000
E525;1345522;10000
E525;9009610;10000
E525;9009611;10000
E525;9009612;10000
E525;9009613;10000
E525;9009614;10000
E525;9009615;10000
E525;9009616;10000
E525;9009652;10000
E525;119627;10000
E525;120325;10000
E525;120320;10000
E525;120324;10000
E525;193974;10000
E525;194022;10000
E525;194948;10000
E525;361028;10000
E525;441123;10000
E525;441124;10000
E525;494608;10000
E525;1201301;10000
E525;1216037;10000
E525;1216038;10000
E525;1216042;10000
E525;1216046;10000
E525;1284128;10000
E525;1284130;10000
E525;1344759;10000
E525;1344760;10000
E525;1344761;10000
E525;1344748;10000
E525;1344749;10000
E525;1344750;10000
E525;1344791;10000
E525;1344792;10000
E525;1344793;10000
E525;1344794;10000
E525;1344795;10000
E525;1345514;10000
E525;9001510;10000
E525;9001511;10000
E525;9001513;10000
E525;9001514;10000
E525;9006633;10000
E525;9006634;10000
E525;9006635;10000
E525;9006656;10000
E525;9006658;10000
E525;9006659;10000
E525;9009654;10000
E525;9012997;10000
E525;119718;10000
E525;119719;10000
E525;119720;10000
E525;119721;10000
E525;119722;10000
E525;119723;10000
E525;119724;10000
E525;676396;10000
E525;676397;10000
E525;676398;10000
E525;120362;10000
E525;120086;10000
E525;120104;10000
E525;120107;10000
E525;120130;10000
E525;120134;10000
E525;194745;10000
E525;194746;10000
E525;195684;10000
E525;195701;10000
E525;691927;10000
E525;1287238;10000
E525;2186498;10000
E525;9001500;10000
E525;9001501;10000
E525;9001502;10000
E525;9001503;10000
E525;9001504;10000
E525;9001506;10000
E525;9009619;10000
E525;9009620;10000
E525;194102;10000
E525;194103;10000
E525;194107;10000
E525;194120;10000
E525;194121;10000
E525;194146;10000
E525;194148;10000
E525;194155;10000
E525;194158;10000
E525;194159;10000
E525;194161;10000
E525;194173;10000
E525;919402;10000
E525;1094489;10000
E525;1104990;10000
E525;1104991;10000
E525;1104992;10000
E525;9009621;10000
E525;9009622;10000
E525;9009623;10000
E525;9009624;10000
E525;9009625;10000
E525;9009631;10000
E525;120353;10000
E525;120357;10000
E525;120358;10000
E525;120359;10000
E525;120026;10000
E525;120042;10000
E525;120050;10000
E525;120076;10000
E525;120090;10000
E525;120091;10000
E525;120127;10000
E525;195958;10000
E525;384011;10000
E525;441024;10000
E525;441043;10000
E525;441045;10000
E525;441051;10000
E525;441054;10000
E525;441055;10000
E525;441056;10000
E525;441074;10000
E525;441075;10000
E525;441076;10000
E525;441077;10000
E525;441078;10000
E525;441079;10000
E525;441080;10000
E525;441106;10000
E525;441110;10000
E525;470056;10000
E525;640618;10000
E525;640620;10000
E525;640621;10000
E525;803779;10000
E525;826342;10000
E525;826343;10000
E525;842734;10000
E525;864675;10000
E525;864676;10000
E525;864677;10000
E525;884660;10000
E525;884661;10000
E525;884662;10000
E525;884663;10000
E525;884664;10000
E525;884665;10000
E525;885287;10000
E525;885288;10000
E525;890326;10000
E525;890327;10000
E525;890328;10000
E525;890329;10000
E525;1035093;10000
E525;1062648;10000
E525;1136920;10000
E525;1141531;10000
E525;1165097;10000
E525;1165098;10000
E525;1166984;10000
E525;1184677;10000
E525;1184678;10000
E525;1184679;10000
E525;1184680;10000
E525;1184681;10000
E525;1184682;10000
E525;1184683;10000
E525;1188310;10000
E525;1188311;10000
E525;1193983;10000
E525;1211045;10000
E525;1221377;10000
E525;1221378;10000
E525;1284119;10000
E525;1284126;10000
E525;1287242;10000
E525;1287244;10000
E525;1287226;10000
E525;1305332;10000
E525;1334725;10000
E525;1334726;10000
E525;1334727;10000
E525;1334728;10000
E525;1334729;10000
E525;1343773;10000
E525;1344758;10000
E525;1344763;10000
E525;1344764;10000
E525;1344751;10000
E525;1345534;10000
E525;1345535;10000
E525;1345536;10000
E525;1345531;10000
E525;1345532;10000
E525;1345533;10000
E525;1277658;10000
E525;1277661;10000
E525;1277698;10000
E525;1277699;10000
E525;1277706;10000
E525;1277707;10000
E525;1300074;10000
E525;9001549;10000
E525;9001553;10000
E525;9001554;10000
E525;9001556;10000
E525;9001557;10000
E525;9009665;10000
E525;9009666;10000
E525;9009667;10000
E525;9009668;10000
E525;9009633;10000
E525;9009635;10000
E525;9009639;10000
E525;9009640;10000
E525;9009642;10000
E525;9009649;10000
E525;223316;10000
E525;223317;10000
E525;223319;10000
E525;223321;10000
E525;223323;10000
E525;384120;10000
E525;384122;10000
E525;384123;10000
E525;384124;10000
E525;384125;10000
E525;384126;10000
E525;384127;10000
E525;384128;10000
E525;384129;10000
E525;384130;10000
E525;384131;10000
E525;384132;10000
E525;803025;10000
E525;812180;10000
E525;835551;10000
E525;835552;10000
E525;835553;10000
E525;835558;10000
E525;835559;10000
E525;835561;10000
E525;1143038;10000
E525;1143039;10000
E525;1143042;10000
E525;1307911;10000
E525;1307912;10000
E525;9001558;10000
E525;9001561;10000
E525;9001563;10000
E525;9009343;10000
E525;119539;10000
E525;119540;10000
E525;119541;10000
E525;119542;10000
E525;119543;10000
E525;119544;10000
E525;119545;10000
E525;119546;10000
E525;119547;10000
E525;119548;10000
E525;119549;10000
E525;119550;10000
E525;119551;10000
E525;119558;10000
E525;119559;10000
E525;119560;10000
E525;119561;10000
E525;119562;10000
E525;119563;10000
E525;119564;10000
E525;119565;10000
E525;119566;10000
E525;119568;10000
E525;119569;10000
E525;119570;10000
E525;119572;10000
E525;119573;10000
E525;1311271;10000
E525;1311272;10000
E525;1311273;10000
E525;1311274;10000
E525;1311275;10000
E525;1311276;10000
E525;1311277;10000
E525;1311278;10000
E525;1311279;10000
E525;1311280;10000
E525;1311281;10000
E525;1311282;10000
E525;1311289;10000
E525;1311290;10000
E525;1311295;10000
E525;1311298;10000
E525;1311299;10000
E525;1311500;10000
E525;1311501;10000
E525;1311502;10000
E525;1311503;10000
E525;1311504;10000
E525;1311505;10000
E525;1311506;10000
E525;1311507;10000
E525;1311508;10000
E525;1311509;10000
E525;1311510;10000
E525;1311511;10000
E525;1311512;10000
E525;1311513;10000
E525;120412;10000
E525;441162;10000
E525;478686;10000
E525;485027;10000
E525;500067;10000
E525;585667;10000
E525;581498;10000
E525;713431;10000
E525;823591;10000
E525;823592;10000
E525;872024;10000
E525;872029;10000
E525;872031;10000
E525;872032;10000
E525;872033;10000
E525;872034;10000
E525;872035;10000
E525;872038;10000
E525;872039;10000
E525;872040;10000
E525;872041;10000
E525;872042;10000
E525;1250815;10000
E525;1250818;10000
E525;1250821;10000
E525;1251356;10000
E525;1276844;10000
E525;1280223;10000
E525;1280208;10000
E525;1280209;10000
E525;1280210;10000
E525;1280211;10000
E525;1280212;10000
E525;1280215;10000
E525;1280216;10000
E525;1280219;10000
E525;1280220;10000
E525;1280916;10000
E525;1280917;10000
E525;1280918;10000
E525;1280919;10000
E525;1287239;10000
E525;1287247;10000
E525;1287227;10000
E525;1302018;10000
E525;1313535;10000
E525;1313536;10000
E525;1317709;10000
E525;9006900;10000
E525;9006901;10000
E525;9006904;10000
E525;9006905;10000
E525;9008418;10000
E525;9008419;10000
E525;9008422;10000
E525;9009414;10000
E525;9009424;10000
E525;457401;10000
E525;500086;10000
E525;500068;10000
E525;579509;10000
E525;579510;10000
E525;579511;10000
E525;579512;10000
E525;579513;10000
E525;579514;10000
E525;579515;10000
E525;579516;10000
E525;579517;10000
E525;579518;10000
E525;579508;10000
E525;701991;10000
E525;701992;10000
E525;812602;10000
E525;812603;10000
E525;1313546;10000
E525;1326488;10000
E525;1332465;10000
E525;1332466;10000
E525;1340699;10000
E525;1341300;10000
E525;1344762;10000
E525;1345529;10000
E525;1300060;10000
E525;1317711;10000
E525;1317712;10000
E525;1317713;10000
E525;9006908;10000
E525;9008948;10000
E525;9008949;10000
E525;9009413;10000
E525;9009417;10000
E525;9009303;10000
E525;9013106;10000
E525;120333;10000
E525;120334;10000
E525;120335;10000
E525;120120;10000
E525;194456;10000
E525;194457;10000
E525;194458;10000
E525;194459;10000
E525;194460;10000
E525;194461;10000
E525;194462;10000
E525;194463;10000
E525;194464;10000
E525;194465;10000
E525;194466;10000
E525;195686;10000
E525;195687;10000
E525;195690;10000
E525;195699;10000
E525;195700;10000
E525;195702;10000
E525;195704;10000
E525;195705;10000
E525;195710;10000
E525;195678;10000
E525;441026;10000
E525;441027;10000
E525;440969;10000
E525;441161;10000
E525;468631;10000
E525;468632;10000
E525;468633;10000
E525;468634;10000
E525;468635;10000
E525;507949;10000
E525;507950;10000
E525;507952;10000
E525;530881;10000
E525;530882;10000
E525;530883;10000
E525;530884;10000
E525;530885;10000
E525;530886;10000
E525;530887;10000
E525;530888;10000
E525;530889;10000
E525;530890;10000
E525;530891;10000
E525;530892;10000
E525;530893;10000
E525;530894;10000
E525;530895;10000
E525;530896;10000
E525;530897;10000
E525;530898;10000
E525;530899;10000
E525;530900;10000
E525;530901;10000
E525;530902;10000
E525;530903;10000
E525;530904;10000
E525;530905;10000
E525;530906;10000
E525;530907;10000
E525;530908;10000
E525;530909;10000
E525;530910;10000
E525;530911;10000
E525;530912;10000
E525;530913;10000
E525;530914;10000
E525;530915;10000
E525;530916;10000
E525;585795;10000
E525;585796;10000
E525;585798;10000
E525;585799;10000
E525;598070;10000
E525;598071;10000
E525;598072;10000
E525;598073;10000
E525;598074;10000
E525;598075;10000
E525;1104985;10000
E525;1130389;10000
E525;1201192;10000
E525;1201303;10000
E525;1201185;10000
E525;1216036;10000
E525;1284121;10000
E525;1284122;10000
E525;1284127;10000
E525;1284129;10000
E525;1285922;10000
E525;1287228;10000
E525;1344754;10000
E525;1344755;10000
E525;1344752;10000
E525;1344753;10000
E525;1345527;10000
E525;1345528;10000
E525;1345530;10000
E525;1999984;10000
E525;1277650;10000
E525;9006660;10000
E525;9006661;10000
E525;9006662;10000
E525;9006663;10000
E525;9006664;10000
E525;9006665;10000
E525;9006666;10000
E525;9006667;10000
E525;9007271;10000
E525;9007275;10000
E525;9007278;10000
E525;9007279;10000
E525;9007280;10000
E525;9007281;10000
E525;9007282;10000
E525;9007283;10000
E525;9007284;10000
E525;9007285;10000
E525;9007286;10000
E525;9007288;10000
E525;9007289;10000
E525;9007290;10000
E525;9008822;10000
E525;9008825;10000
E525;119969;10000
E525;119710;10000
E525;119711;10000
E525;120140;10000
E525;120144;10000
E525;195981;10000
E525;195726;10000
E525;195730;10000
E525;441070;10000
E525;441072;10000
E525;640624;10000
E525;640630;10000
E525;1098689;10000
E525;1098690;10000
E525;1104986;10000
E525;1201183;10000
E525;1201187;10000
E525;1213581;10000
E525;1213582;10000
E525;1216031;10000
E525;1216032;10000
E525;1216033;10000
E525;1343761;10000
E525;1343762;10000
E525;1343774;10000
E525;1344778;10000
E525;1344779;10000
E525;1344780;10000
E525;1345509;10000
E525;1345510;10000
E525;1345511;10000
E525;1345512;10000
E525;1345526;10000
E525;1277659;10000
E525;1277696;10000
E525;1277697;10000
E525;1277700;10000
E525;1277701;10000
E525;1277702;10000
E525;1277703;10000
E525;1277704;10000
E525;1277705;10000
E525;9008407;10000
E525;9008408;10000
E525;9008409;10000
E525;9008367;10000
E525;9008375;10000
E525;9008360;10000
E525;9008392;10000
E525;9008394;10000
E525;9008405;10000
E525;9012892;10000
E525;9012893;10000
E525;9012894;10000
E525;895070;10000
E525;895071;10000
E525;895072;10000
E525;939630;10000
E525;939631;10000
E525;1119991;10000
E525;1188031;10000
E525;1265299;10000
E525;1300068;10000
E525;1300069;10000
E525;9008399;10000
E525;9008401;10000
E525;9008403;10000
E525;119996;10000
E525;120000;10000
E525;120012;10000
E525;151900;10000
E525;151901;10000
E525;195619;10000
E525;209099;10000
E525;276823;10000
E525;440962;10000
E525;440964;10000
E525;442604;10000
E525;541781;10000
E525;675381;10000
E525;676401;10000
E525;676402;10000
E525;676403;10000
E525;676404;10000
E525;691928;10000
E525;713427;10000
E525;835565;10000
E525;861175;10000
E525;899875;10000
E525;899876;10000
E525;938147;10000
E525;938148;10000
E525;1068508;10000
E525;1104980;10000
E525;1104981;10000
E525;1104982;10000
E525;1201188;10000
E525;1201191;10000
E525;1201193;10000
E525;1201197;10000
E525;1201198;10000
E525;1201186;10000
E525;1213578;10000
E525;1213580;10000
E525;1216034;10000
E525;1216043;10000
E525;1284123;10000
E525;1287232;10000
E525;1287233;10000
E525;1287234;10000
E525;1343763;10000
E525;1343764;10000
E525;1343765;10000
E525;1343766;10000
E525;1343767;10000
E525;1344786;10000
E525;1344787;10000
E525;1344788;10000
E525;1344789;10000
E525;1344790;10000
E525;1345537;10000
E525;1345538;10000
E525;1345539;10000
E525;1345540;10000
E525;1345541;10000
E525;1345542;10000
E525;1345543;10000
E525;1345544;10000
E525;1345545;10000
E525;1345546;10000
E525;1345547;10000
E525;1896672;10000
E525;9001267;10000
E525;9001268;10000
E525;9006631;10000
E525;9006625;10000
E525;9006626;10000
E525;9006628;10000
E525;9006629;10000
E525;9006630;10000
E525;9006891;10000
E525;9006892;10000
E525;9006894;10000
E525;9006909;10000
E525;9006910;10000
E525;9006911;10000
E525;9006912;10000
E525;9006913;10000
E525;9006914;10000
E525;9006915;10000
E525;9006916;10000
E525;9006935;10000
E525;9006937;10000
E525;9008354;10000
E525;9008355;10000
E525;209100;10000
E525;865130;10000
E525;1095445;10000
E525;1167928;10000
E525;1216039;10000
E525;1216040;10000
E525;1274091;10000
E525;1274092;10000
E525;9001287;10000
E525;9001289;10000
E525;9001296;10000
E525;9006640;10000
E525;9006641;10000
E525;120342;10000
E525;120343;10000
E525;120344;10000
E525;869030;10000
E525;869031;10000
E525;869032;10000
E525;869033;10000
E525;1104987;10000
E525;1104988;10000
E525;1216048;10000
E525;1322472;10000
E525;1344799;10000
E525;1345500;10000
E525;1345501;10000
E525;1345502;10000
E525;1345503;10000
E525;1345504;10000
E525;1345505;10000
E525;1345506;10000
E525;1345507;10000
E525;1345508;10000
E525;1345523;10000
E525;1345524;10000
E525;1345525;10000
E525;1277614;10000
E525;1300062;10000
E525;9001477;10000
E525;9001478;10000
E525;9001479;10000
E525;9001480;10000
E525;9001458;10000
E525;9001459;10000
E525;9001460;10000
E525;9001467;10000
E525;9001476;10000
E525;9006632;10000
E525;9006642;10000
E525;9006651;10000
E525;9006652;10000
E525;9006653;10000
E525;9006654;10000
E525;9006655;10000
E525;148131;10000
E525;194867;10000
E525;195965;10000
E525;198534;10000
E525;521084;10000
E525;675386;10000
E525;941552;10000
E525;1061176;10000
E525;1061177;10000
E525;1061178;10000
E525;1061179;10000
E525;1061180;10000
E525;1069366;10000
E525;1069371;10000
E525;1287245;10000
E525;1299538;10000
E525;1299539;10000
E525;1312639;10000
E525;1343768;10000
E525;1345513;10000
E525;1346503;10000
E525;1277617;10000
E525;9001423;10000
E525;9001424;10000
E525;9001430;10000
E525;9001431;10000
E525;9009323;10000
E525;9013005;10000
E525;9013006;10000
